id,first_name,last_name,email,phone_number
1,Tina,Ellif,tellif0@sun.com,832-184-5494
2,Libbie,Hedditeh,lhedditeh1@creativecommons.org,863-663-3153
3,Jere,Wartnaby,jwartnaby2@umich.edu,820-662-5916
4,Maryl,Peschet,mpeschet3@wix.com,545-745-1920
5,Rahal,Labes,rlabes4@walmart.com,661-969-0909
6,Bevon,Marjoram,bmarjoram5@google.co.jp,780-791-0532
7,Lona,Angliss,langliss6@army.mil,638-363-0649
8,Giuseppe,Thumnel,gthumnel7@netlog.com,509-181-9153
9,Waylen,Welden,wwelden8@sciencedaily.com,196-359-5656
10,Holmes,Arnold,harnold9@techcrunch.com,247-785-9383
11,Antoni,Fairbrass,afairbrassa@vk.com,526-985-9509
12,Irina,Linden,ilindenb@macromedia.com,646-657-8132
13,Mabel,Kinnen,mkinnenc@parallels.com,818-886-5627
14,Reeva,Brikner,rbriknerd@themeforest.net,866-255-9864
15,Reidar,Domb,rdombe@desdev.cn,647-818-4179
16,Whit,Camier,wcamierf@sphinn.com,648-121-5186
17,Harwell,Farland,hfarlandg@sbwire.com,307-926-2448
18,Michel,McDonand,mmcdonandh@prnewswire.com,641-784-4496
19,Leupold,Massingham,lmassinghami@ftc.gov,671-629-5616
20,Billie,Rey,breyj@gizmodo.com,525-231-0848
21,Rosalie,Crossland,rcrosslandk@xrea.com,905-220-9942
22,Shanan,Sekulla,ssekullal@mapquest.com,116-656-4944
23,Brok,Surcombe,bsurcombem@unc.edu,185-357-7526
24,Augustus,Guyet,aguyetn@weather.com,508-701-9133
25,Isa,Fuggle,ifuggleo@vimeo.com,993-849-3841
26,Ollie,Tallis,otallisp@networksolutions.com,254-472-3252
27,Jan,Carlisi,jcarlisiq@taobao.com,515-809-1297
28,Phyllida,D'Adamo,pdadamor@nifty.com,541-173-7310
29,Henrik,Daouze,hdaouzes@addthis.com,349-635-1904
30,Dan,Roulston,droulstont@ted.com,989-641-0156
31,Haskel,Dickings,hdickingsu@digg.com,917-314-2637
32,Gareth,Roscoe,groscoev@jimdo.com,960-401-0008
33,Paolo,Nation,pnationw@forbes.com,371-574-7821
34,Cart,Jacke,cjackex@google.de,717-272-0468
35,Rodger,Birchenough,rbirchenoughy@google.ru,624-178-5949
36,Beaufort,Stit,bstitz@feedburner.com,267-750-9384
37,Mechelle,Crocetti,mcrocetti10@bandcamp.com,792-498-9681
38,Farand,Depport,fdepport11@marketwatch.com,434-431-8769
39,Brit,Watterson,bwatterson12@php.net,335-573-3813
40,Marybeth,Wheater,mwheater13@tamu.edu,775-941-0021
41,Mariel,Gomer,mgomer14@google.es,955-947-4347
42,Drugi,Cutress,dcutress15@goo.gl,862-527-2131
43,Tami,O'Hickey,tohickey16@storify.com,759-264-9522
44,Tessa,Norgate,tnorgate17@amazon.de,685-288-5490
45,Aurelea,Windrus,awindrus18@nationalgeographic.com,935-685-7306
46,Dilly,Vasyutichev,dvasyutichev19@hubpages.com,882-759-0740
47,Hope,Kearns,hkearns1a@technorati.com,708-766-9181
48,Caro,Shayler,cshayler1b@squidoo.com,483-549-1850
49,Hayley,Swadden,hswadden1c@businessweek.com,144-507-8418
50,Florida,Abrahmovici,fabrahmovici1d@ucoz.ru,787-308-7453
51,Gloriana,Latey,glatey1e@behance.net,856-312-4474
52,Loren,Portal,lportal1f@ehow.com,580-688-1279
53,Alwyn,Covelle,acovelle1g@springer.com,737-359-2481
54,Joaquin,Elfes,jelfes1h@uol.com.br,294-692-7643
55,Cynthia,McGonnell,cmcgonnell1i@thetimes.co.uk,419-443-2014
56,Laetitia,Waistell,lwaistell1j@imdb.com,931-463-1359
57,Cherie,Maultby,cmaultby1k@de.vu,718-307-6975
58,Cad,Toop,ctoop1l@fastcompany.com,739-824-5723
59,Florina,Chorlton,fchorlton1m@yellowbook.com,405-220-9392
60,Felike,Woltering,fwoltering1n@hhs.gov,581-369-6102
61,Cletis,Vallerine,cvallerine1o@hao123.com,120-980-3651
62,Wait,Getty,wgetty1p@angelfire.com,305-604-0748
63,Sadella,Spall,sspall1q@tripadvisor.com,684-939-4242
64,Patti,Branford,pbranford1r@hugedomains.com,766-335-6146
65,Megan,Chadwick,mchadwick1s@t-online.de,129-455-1892
66,Nowell,Iggulden,niggulden1t@umich.edu,943-573-5459
67,Issiah,Branni,ibranni1u@google.com.au,682-780-8438
68,Shepperd,Broster,sbroster1v@statcounter.com,226-596-9554
69,Dorise,Keddy,dkeddy1w@edublogs.org,740-383-1494
70,Yvon,Yearn,yyearn1x@businesswire.com,617-283-9723
71,Halie,Sand,hsand1y@yahoo.co.jp,826-694-8912
72,Gregoor,Berre,gberre1z@wikimedia.org,265-640-6379
73,Virginia,Brouard,vbrouard20@networkadvertising.org,489-247-3559
74,Perren,Hotton,photton21@ucsd.edu,200-100-2305
75,Alecia,Bletsoe,abletsoe22@hugedomains.com,637-591-6519
76,Tamar,Hirtz,thirtz23@cbc.ca,588-992-4543
77,Maynord,Withull,mwithull24@businessinsider.com,304-398-8944
78,Richart,Tweede,rtweede25@tuttocitta.it,453-234-9241
79,Caitrin,Edgeley,cedgeley26@drupal.org,301-495-1814
80,Mordy,McAw,mmcaw27@ucoz.ru,574-210-9941
81,Charisse,Sowley,csowley28@ovh.net,645-486-8810
82,Broderic,Retchless,bretchless29@mtv.com,536-297-4072
83,Rahel,Tregunna,rtregunna2a@acquirethisname.com,939-983-4917
84,Antonia,Juanico,ajuanico2b@bravesites.com,212-845-3086
85,Rhys,Burnhams,rburnhams2c@biblegateway.com,911-525-7776
86,Damian,Baxill,dbaxill2d@lulu.com,898-776-9393
87,Rosetta,Sumsion,rsumsion2e@ox.ac.uk,116-598-8089
88,Danya,Backshill,dbackshill2f@indiatimes.com,541-723-6758
89,Kania,Hampe,khampe2g@washington.edu,334-513-6443
90,Merrel,Morcom,mmorcom2h@digg.com,878-144-9228
91,Norman,Kennea,nkennea2i@goo.ne.jp,306-518-6329
92,Arron,Been,abeen2j@spotify.com,331-917-0335
93,Dore,Bollard,dbollard2k@deliciousdays.com,686-914-1338
94,Sonnie,Kuhnke,skuhnke2l@tumblr.com,501-831-2131
95,Cecilla,Birney,cbirney2m@dailymail.co.uk,860-305-5561
96,Sondra,Jedrzejewsky,sjedrzejewsky2n@mozilla.com,390-965-3178
97,Dorine,Schellig,dschellig2o@nytimes.com,309-127-0369
98,Annalee,Birkinshaw,abirkinshaw2p@wikipedia.org,874-606-8674
99,Aimee,Cotterill,acotterill2q@marriott.com,874-334-2129
100,Howie,Kealey,hkealey2r@hhs.gov,351-726-3131
101,Bondie,McNess,bmcness2s@netlog.com,105-528-7762
102,Electra,Coaten,ecoaten2t@examiner.com,664-887-4708
103,Angy,Halfhead,ahalfhead2u@comsenz.com,434-142-8021
104,Claudette,Edison,cedison2v@biglobe.ne.jp,295-648-8311
105,Sashenka,Bricket,sbricket2w@51.la,425-260-9681
106,Ariela,Fautley,afautley2x@newsvine.com,386-511-2417
107,Friedrick,Proschek,fproschek2y@hp.com,463-196-1291
108,Chelsie,Padkin,cpadkin2z@foxnews.com,737-771-3155
109,Sascha,Benez,sbenez30@ucoz.com,604-890-0926
110,Eran,McIlharga,emcilharga31@1und1.de,937-979-9230
111,Eba,Dunmuir,edunmuir32@jugem.jp,665-178-2303
112,Christiana,Mewton,cmewton33@bbb.org,369-901-9576
113,Elly,Gonthard,egonthard34@indiegogo.com,327-644-2156
114,Renelle,Sinncock,rsinncock35@dailymotion.com,987-144-4995
115,Vanny,Wannell,vwannell36@globo.com,358-867-3386
116,Orion,Geare,ogeare37@goo.ne.jp,168-276-4776
117,Fanchon,Rivelon,frivelon38@google.ca,201-706-4445
118,Eugenie,Tidman,etidman39@canalblog.com,121-409-0660
119,Bryant,Straker,bstraker3a@infoseek.co.jp,695-258-5453
120,Barbara-anne,Haddleton,bhaddleton3b@whitehouse.gov,513-630-7749
121,Gearalt,Simoneau,gsimoneau3c@businesswire.com,817-680-4147
122,Nolly,Stanyan,nstanyan3d@is.gd,121-814-8123
123,Bald,Salmons,bsalmons3e@google.nl,301-780-0015
124,Ysabel,Ghidetti,yghidetti3f@whitehouse.gov,840-995-2706
125,Amandi,Aphale,aaphale3g@bigcartel.com,841-482-1914
126,Grove,Fawdrie,gfawdrie3h@myspace.com,783-113-8402
127,Winona,Ericssen,wericssen3i@goo.gl,571-544-4410
128,Nancy,Churchin,nchurchin3j@cmu.edu,324-179-7126
129,Danya,Orsman,dorsman3k@freewebs.com,318-893-5047
130,Jesselyn,Harken,jharken3l@chicagotribune.com,350-759-7655
131,Chere,Pettisall,cpettisall3m@google.com,641-289-3405
132,Isac,Shelf,ishelf3n@wikimedia.org,772-138-5296
133,Kristyn,Kunrad,kkunrad3o@china.com.cn,869-142-5276
134,Adrienne,Collelton,acollelton3p@google.de,420-822-2976
135,Babbette,Acey,bacey3q@businessinsider.com,479-228-7627
136,Florri,Chaulk,fchaulk3r@latimes.com,659-346-5568
137,Shelli,Isenor,sisenor3s@theguardian.com,987-232-2095
138,Milissent,Westmarland,mwestmarland3t@pen.io,546-929-9110
139,Jeannette,Lebel,jlebel3u@umich.edu,864-178-3271
140,Connie,Caldecourt,ccaldecourt3v@netlog.com,540-916-8768
141,Chrissy,Haggerty,chaggerty3w@alibaba.com,900-188-1075
142,Bendix,Furness,bfurness3x@networksolutions.com,495-274-2375
143,Raffaello,Peeters,rpeeters3y@bloglovin.com,672-553-8859
144,Robina,Massenhove,rmassenhove3z@acquirethisname.com,587-612-4441
145,Johna,Echalier,jechalier40@123-reg.co.uk,980-396-0131
146,Chicky,Bortolotti,cbortolotti41@canalblog.com,522-675-3779
147,Granville,Vales,gvales42@google.de,780-884-9634
148,Drew,Mander,dmander43@jalbum.net,424-910-6993
149,Jordanna,Clemerson,jclemerson44@netscape.com,967-966-7490
150,Almeta,Mebius,amebius45@arstechnica.com,729-724-3269
151,Maiga,Surgen,msurgen46@theatlantic.com,459-367-0319
152,Emilee,Muncie,emuncie47@yale.edu,675-434-1205
153,Diane,Le Marquand,dlemarquand48@simplemachines.org,902-635-6957
154,Willie,Cleator,wcleator49@sfgate.com,442-959-9697
155,Sheilakathryn,Grisley,sgrisley4a@bloomberg.com,116-937-3616
156,Egan,Tuttiett,etuttiett4b@elpais.com,225-674-3797
157,Delmar,Vassie,dvassie4c@sitemeter.com,291-225-2864
158,Anneliese,Sickamore,asickamore4d@ovh.net,536-260-8006
159,Nissie,Piken,npiken4e@trellian.com,870-514-9541
160,Liva,Legrave,llegrave4f@free.fr,145-266-8841
161,Sorcha,Bratch,sbratch4g@edublogs.org,971-449-5901
162,Izaak,Dagg,idagg4h@cpanel.net,966-124-3743
163,Paulo,Jays,pjays4i@phoca.cz,411-402-9825
164,Rikki,Garrit,rgarrit4j@quantcast.com,475-879-5454
165,Angelo,Jeffress,ajeffress4k@mozilla.com,214-977-5425
166,Leah,Hardiker,lhardiker4l@slideshare.net,201-384-1528
167,Hildegaard,Glynne,hglynne4m@flickr.com,747-975-1144
168,Rozella,Iffe,riffe4n@ted.com,177-855-6751
169,Tudor,Furst,tfurst4o@sogou.com,670-147-9960
170,Courtney,Dunkerley,cdunkerley4p@psu.edu,682-766-5906
171,Sam,Gilbard,sgilbard4q@biglobe.ne.jp,818-513-0608
172,Magdalena,Verriour,mverriour4r@dagondesign.com,251-674-8195
173,Cristi,Josilevich,cjosilevich4s@de.vu,721-310-5894
174,Madlin,Wheldon,mwheldon4t@google.nl,514-558-4841
175,Elwyn,Woolvett,ewoolvett4u@mozilla.com,246-650-8802
176,Tove,Verlander,tverlander4v@1und1.de,786-179-5900
177,Burt,Jirsa,bjirsa4w@prlog.org,317-697-4989
178,Sly,Stollenbeck,sstollenbeck4x@mapquest.com,845-924-8359
179,Alva,Corbally,acorbally4y@imdb.com,988-251-3781
180,Austine,Ketts,aketts4z@wired.com,294-424-2017
181,Kerry,Costigan,kcostigan50@disqus.com,871-443-4870
182,Robbie,Malafe,rmalafe51@about.com,632-236-9279
183,Olly,Marl,omarl52@de.vu,955-742-6462
184,Silvio,Tringham,stringham53@deliciousdays.com,758-110-8324
185,Evangeline,Middle,emiddle54@feedburner.com,525-163-3780
186,Ryley,Sackler,rsackler55@sciencedaily.com,551-591-4704
187,Gabi,Androli,gandroli56@google.pl,140-748-2918
188,Carmella,Athowe,cathowe57@fotki.com,510-370-7824
189,Suki,Dyers,sdyers58@google.de,976-251-4406
190,Annabelle,Giacomazzo,agiacomazzo59@engadget.com,856-317-9269
191,Coralyn,Sanderson,csanderson5a@geocities.jp,342-887-3449
192,Orlando,Collens,ocollens5b@oakley.com,970-447-2608
193,Roderic,Millmore,rmillmore5c@wikispaces.com,510-990-0042
194,Rici,Aickin,raickin5d@spiegel.de,823-619-2498
195,Zaneta,Salmon,zsalmon5e@php.net,479-380-2389
196,Karel,Doore,kdoore5f@oakley.com,759-735-1562
197,Benedikta,Stetlye,bstetlye5g@w3.org,265-795-6638
198,Nissy,Bullon,nbullon5h@nature.com,826-974-6292
199,Hatty,Leyfield,hleyfield5i@gizmodo.com,449-758-1122
200,Susanne,Maybury,smaybury5j@bing.com,228-586-8766
201,Charla,Rickhuss,crickhuss5k@nationalgeographic.com,307-873-6720
202,Trueman,Meak,tmeak5l@aol.com,620-821-0207
203,Moreen,Dominec,mdominec5m@alexa.com,571-493-9516
204,Delinda,Penhale,dpenhale5n@instagram.com,240-912-9780
205,Eolande,Poundsford,epoundsford5o@parallels.com,730-424-6720
206,Dot,Ivons,divons5p@newyorker.com,496-765-9688
207,Clemmie,Fabb,cfabb5q@hp.com,314-433-1239
208,Zena,Scud,zscud5r@topsy.com,200-403-0335
209,Beale,Filchagin,bfilchagin5s@angelfire.com,799-569-8078
210,Lynnette,MacCaughen,lmaccaughen5t@wufoo.com,149-873-6168
211,Jazmin,Eccleshall,jeccleshall5u@bbb.org,724-233-8102
212,Helenelizabeth,Dunsford,hdunsford5v@buzzfeed.com,142-240-1578
213,Babb,Athey,bathey5w@tripod.com,714-605-8992
214,Shelagh,Croydon,scroydon5x@geocities.jp,455-786-8106
215,Dacia,Howerd,dhowerd5y@telegraph.co.uk,660-742-8812
216,Clevie,Letchford,cletchford5z@cafepress.com,318-195-9907
217,Justis,Armstrong,jarmstrong60@lulu.com,311-616-7855
218,Elisha,Emby,eemby61@vkontakte.ru,156-542-4550
219,Jemmy,Pratty,jpratty62@163.com,132-954-8892
220,Sorcha,McGillicuddy,smcgillicuddy63@huffingtonpost.com,770-914-1145
221,Tiphani,Fleckno,tfleckno64@toplist.cz,294-679-8700
222,Buffy,Raphael,braphael65@noaa.gov,179-197-5420
223,Tedie,Vian,tvian66@techcrunch.com,126-325-4440
224,Allissa,Tallet,atallet67@sun.com,951-415-5527
225,Eleanor,Derwin,ederwin68@nature.com,706-477-5444
226,Borden,Dallinder,bdallinder69@unicef.org,498-718-3280
227,Janifer,Beslier,jbeslier6a@cpanel.net,813-320-4705
228,Josephine,Innerstone,jinnerstone6b@squarespace.com,845-997-4160
229,Rock,Pettegre,rpettegre6c@adobe.com,866-185-1158
230,Genny,Pass,gpass6d@people.com.cn,397-996-9095
231,Wallis,Ondrich,wondrich6e@weather.com,426-505-6335
232,Gregorio,Womack,gwomack6f@berkeley.edu,191-822-9241
233,Lizzie,Flippini,lflippini6g@cyberchimps.com,468-527-2901
234,Margette,Alonso,malonso6h@reuters.com,287-486-5796
235,Kaitlynn,Mendoza,kmendoza6i@rediff.com,884-794-2448
236,Charo,Manilo,cmanilo6j@prlog.org,519-389-4241
237,Axel,Ronisch,aronisch6k@phpbb.com,143-906-4391
238,Heida,Saleway,hsaleway6l@123-reg.co.uk,940-735-6583
239,Franzen,Gumey,fgumey6m@uol.com.br,462-891-4263
240,Wilie,Brasier,wbrasier6n@psu.edu,382-987-2462
241,Kori,Burt,kburt6o@umich.edu,611-298-5241
242,Angel,Housby,ahousby6p@spotify.com,896-941-8305
243,Valida,Fynn,vfynn6q@illinois.edu,347-225-2508
244,Rossy,Purchase,rpurchase6r@slashdot.org,484-619-5516
245,Riccardo,Varty,rvarty6s@bluehost.com,348-732-6777
246,Lettie,Deery,ldeery6t@mit.edu,101-859-9307
247,Coralie,Gonthier,cgonthier6u@gizmodo.com,497-360-0008
248,Bald,MacInherney,bmacinherney6v@scientificamerican.com,202-181-2360
249,Courtney,Dulwitch,cdulwitch6w@imgur.com,329-692-1915
250,Lawrence,Simpkins,lsimpkins6x@unblog.fr,937-178-9687
251,Wilhelm,Succamore,wsuccamore6y@engadget.com,693-145-2545
252,Cosetta,Flatt,cflatt6z@cam.ac.uk,273-468-6211
253,Baron,McGirl,bmcgirl70@arizona.edu,706-341-8008
254,Daria,Wickling,dwickling71@irs.gov,203-106-1165
255,Annabela,Bourgaize,abourgaize72@webmd.com,358-163-1419
256,Kerstin,Dimblebee,kdimblebee73@google.ru,223-403-5790
257,Dedie,Dowthwaite,ddowthwaite74@adobe.com,425-997-5189
258,Jacqui,Doelle,jdoelle75@goodreads.com,860-101-2025
259,Angil,Burvill,aburvill76@zdnet.com,848-970-4021
260,Lorilee,Gregolin,lgregolin77@kickstarter.com,193-348-9562
261,Trumann,Whopples,twhopples78@networkadvertising.org,295-262-7463
262,Winfred,Bushell,wbushell79@hubpages.com,290-407-0992
263,Gilberto,Mason,gmason7a@tinypic.com,320-438-9682
264,Celinda,Bettenay,cbettenay7b@washington.edu,607-208-9352
265,Hanny,Prior,hprior7c@etsy.com,434-774-6497
266,Gwyn,Maiden,gmaiden7d@ihg.com,852-987-1754
267,Bent,Othick,bothick7e@seattletimes.com,837-161-8916
268,Wilone,Matskiv,wmatskiv7f@economist.com,877-537-9278
269,Lyndel,Gave,lgave7g@constantcontact.com,843-886-2320
270,Noni,Carver,ncarver7h@flickr.com,182-497-0353
271,Sancho,Lyons,slyons7i@1688.com,668-981-6332
272,Andromache,Daingerfield,adaingerfield7j@tinyurl.com,676-112-7916
273,Casar,Cockley,ccockley7k@oracle.com,578-973-9290
274,Lina,Petasch,lpetasch7l@facebook.com,878-267-2077
275,Brody,Mazzey,bmazzey7m@meetup.com,792-207-6675
276,Kariotta,Dove,kdove7n@upenn.edu,489-159-0203
277,Kaela,Moscrop,kmoscrop7o@tumblr.com,335-397-5873
278,Franchot,Merwood,fmerwood7p@seesaa.net,432-226-8137
279,Ester,Bispham,ebispham7q@sitemeter.com,890-912-7298
280,Marijo,Kegg,mkegg7r@boston.com,489-894-3239
281,Jermayne,Laurentino,jlaurentino7s@canalblog.com,664-601-8234
282,Daffi,Singh,dsingh7t@intel.com,474-174-4157
283,Merry,Lowden,mlowden7u@patch.com,603-889-2859
284,Malva,Duncanson,mduncanson7v@fema.gov,797-344-0098
285,Steffie,Knapman,sknapman7w@nationalgeographic.com,530-156-0900
286,Cheryl,Gotts,cgotts7x@newyorker.com,441-385-4725
287,Collie,Sievewright,csievewright7y@youtube.com,566-690-8226
288,Odella,Lathleiffure,olathleiffure7z@vk.com,718-397-0310
289,Gretta,Jellis,gjellis80@apache.org,793-986-7949
290,Rahal,Hegden,rhegden81@google.com.br,395-171-7433
291,Kayne,Sansom,ksansom82@t-online.de,156-533-7013
292,Javier,Borer,jborer83@wordpress.com,468-532-0953
293,Kakalina,Branston,kbranston84@sciencedirect.com,618-959-6711
294,Elnora,Bernocchi,ebernocchi85@ocn.ne.jp,772-553-9667
295,Jenna,Nowakowska,jnowakowska86@alexa.com,388-596-6846
296,Rouvin,Tumelty,rtumelty87@yellowbook.com,428-710-1825
297,Lil,St Louis,lstlouis88@mail.ru,278-767-6340
298,Emelen,Arpin,earpin89@cmu.edu,621-433-1341
299,Reinald,Grahamslaw,rgrahamslaw8a@yolasite.com,835-183-5427
300,Nickie,Tubbles,ntubbles8b@people.com.cn,616-458-3609
301,Lucinda,Ferrotti,lferrotti8c@cafepress.com,403-201-9777
302,Florie,Roadknight,froadknight8d@friendfeed.com,216-993-8134
303,Raviv,Cathersides,rcathersides8e@hubpages.com,501-606-8062
304,Tye,Bandiera,tbandiera8f@yellowbook.com,696-318-6172
305,Carson,Dodwell,cdodwell8g@amazon.com,265-964-6689
306,Thaddeus,Sweetman,tsweetman8h@admin.ch,403-344-1932
307,Domenico,Breslauer,dbreslauer8i@so-net.ne.jp,136-778-8760
308,Jada,Cohr,jcohr8j@rakuten.co.jp,766-339-2328
309,Charleen,Mouton,cmouton8k@gov.uk,750-548-0788
310,Kameko,Vinden,kvinden8l@vinaora.com,143-699-9885
311,Shandra,Northin,snorthin8m@eventbrite.com,900-170-3536
312,Vick,Brickstock,vbrickstock8n@home.pl,905-139-4540
313,Kettie,Wise,kwise8o@gnu.org,108-180-1627
314,Aurelie,Hakey,ahakey8p@t-online.de,538-116-5974
315,Earl,Lewson,elewson8q@disqus.com,562-373-0200
316,Angelico,Gable,agable8r@webs.com,201-894-0935
317,Mathe,Cage,mcage8s@wordpress.org,378-533-3843
318,Diann,Maltby,dmaltby8t@blog.com,309-898-8755
319,Carlota,Iannuzzelli,ciannuzzelli8u@globo.com,392-264-4524
320,Lewes,Berthe,lberthe8v@friendfeed.com,142-171-1903
321,Terri,Listone,tlistone8w@usa.gov,199-164-9979
322,Clarice,McMurdo,cmcmurdo8x@wordpress.com,900-669-1090
323,Marcella,Squibbes,msquibbes8y@google.cn,973-104-9022
324,Keelia,Rickersy,krickersy8z@godaddy.com,323-618-2181
325,Randolf,Barrass,rbarrass90@youtu.be,983-773-0376
326,Maia,Mecco,mmecco91@yale.edu,471-748-2257
327,Collin,Moon,cmoon92@bing.com,381-801-0109
328,Lissy,Ciotti,lciotti93@answers.com,554-663-5963
329,Shelba,Hagyard,shagyard94@washington.edu,503-699-3488
330,Juieta,Pickwell,jpickwell95@miitbeian.gov.cn,687-984-6705
331,Aguste,Torbett,atorbett96@examiner.com,749-936-3116
332,Sonja,Heeron,sheeron97@miibeian.gov.cn,577-631-1741
333,Gan,Guidotti,gguidotti98@webnode.com,363-490-2327
334,Shirl,Mines,smines99@goo.gl,722-272-4727
335,Gerry,Polding,gpolding9a@nydailynews.com,739-337-0077
336,Cairistiona,Cullimore,ccullimore9b@163.com,668-729-2744
337,Maurise,Arger,marger9c@moonfruit.com,609-976-5133
338,Misti,Troctor,mtroctor9d@infoseek.co.jp,221-272-9862
339,Bobbie,Augustine,baugustine9e@networkadvertising.org,823-534-5694
340,Jacinda,Conboy,jconboy9f@vistaprint.com,448-785-1623
341,Waldemar,Lyness,wlyness9g@unesco.org,984-437-3236
342,Chadwick,Bloxsum,cbloxsum9h@ifeng.com,782-399-7234
343,Ilaire,O'Flaherty,ioflaherty9i@si.edu,714-797-1799
344,Sal,Hardy-Piggin,shardypiggin9j@walmart.com,573-569-9284
345,Ches,Giuron,cgiuron9k@sfgate.com,619-541-1360
346,Kaylee,Laidlow,klaidlow9l@aboutads.info,772-670-1116
347,Norman,Canape,ncanape9m@nymag.com,739-206-6470
348,Latrena,Deverall,ldeverall9n@imageshack.us,107-878-4894
349,Morganica,Fowgies,mfowgies9o@blogger.com,188-812-3260
350,Michele,Begg,mbegg9p@vistaprint.com,531-123-8939
351,Barbabra,Phelipeaux,bphelipeaux9q@amazon.com,548-618-2422
352,Vinnie,Pering,vpering9r@ed.gov,431-692-6391
353,Gayel,Dionsetti,gdionsetti9s@storify.com,361-347-8076
354,Adair,Chaston,achaston9t@csmonitor.com,136-827-8721
355,Eugine,Fuggle,efuggle9u@linkedin.com,336-435-8455
356,Morgen,Biaggelli,mbiaggelli9v@nymag.com,343-124-6488
357,Elvina,Askam,easkam9w@mail.ru,451-824-5023
358,Etta,Halliwell,ehalliwell9x@taobao.com,121-455-1194
359,Gaelan,Dimitrescu,gdimitrescu9y@hugedomains.com,113-568-5849
360,Kristos,Oosthout de Vree,koosthoutdevree9z@rediff.com,353-247-5691
361,Aldo,Lufkin,alufkina0@ucoz.ru,472-269-6601
362,Mose,William,mwilliama1@miitbeian.gov.cn,539-690-0158
363,Reuben,Buckler,rbucklera2@amazonaws.com,956-133-1248
364,Clayson,Renzini,crenzinia3@nhs.uk,175-438-5271
365,Mariellen,Yushkov,myushkova4@house.gov,820-401-9266
366,Lucina,Besson,lbessona5@cbc.ca,765-315-8392
367,Corey,Flett,cfletta6@csmonitor.com,900-812-1378
368,Walsh,Filipowicz,wfilipowicza7@seattletimes.com,441-221-9359
369,Emmalee,Hixley,ehixleya8@intel.com,807-875-0198
370,Stillman,Camblin,scamblina9@nyu.edu,906-289-6938
371,Foss,Christall,fchristallaa@psu.edu,438-604-6632
372,Ciro,Hendrix,chendrixab@yellowbook.com,495-111-4765
373,Camila,Glanville,cglanvilleac@shinystat.com,712-773-3021
374,Chandal,Matus,cmatusad@odnoklassniki.ru,652-331-3261
375,Whitney,Harroway,wharrowayae@cbsnews.com,425-222-0000
376,Kare,Reinbech,kreinbechaf@tuttocitta.it,617-700-1647
377,Marylynne,Quartermaine,mquartermaineag@blogspot.com,452-366-3100
378,Coriss,Andre,candreah@gnu.org,169-571-7744
379,Westbrook,Klas,wklasai@jiathis.com,114-369-0191
380,Reggie,Gwyllt,rgwylltaj@reddit.com,522-314-8675
381,Elsey,Sahlstrom,esahlstromak@sciencedirect.com,424-288-6677
382,Maud,McTeer,mmcteeral@arstechnica.com,596-718-4655
383,Micheline,Riggert,mriggertam@lycos.com,696-668-4232
384,Neddy,MacKay,nmackayan@jimdo.com,718-648-7194
385,Avery,Cunio,acunioao@over-blog.com,382-828-2408
386,Robbin,Bailie,rbailieap@symantec.com,880-894-2193
387,Kane,Doore,kdooreaq@github.com,890-635-7087
388,Reg,Lamps,rlampsar@washingtonpost.com,616-828-7906
389,Barbaraanne,Lush,blushas@sohu.com,564-274-7841
390,Monti,Elies,meliesat@slideshare.net,327-372-5556
391,Heindrick,Rosberg,hrosbergau@studiopress.com,102-538-5404
392,Tobie,Dinzey,tdinzeyav@nationalgeographic.com,417-970-8305
393,Gwyneth,Simmgen,gsimmgenaw@forbes.com,438-860-2639
394,Dody,Osburn,dosburnax@princeton.edu,154-180-1254
395,Kris,Wiffler,kwiffleray@printfriendly.com,407-888-4712
396,Lucia,Salla,lsallaaz@hibu.com,208-221-8646
397,Rosalynd,Daverin,rdaverinb0@google.es,300-988-7478
398,Ellswerth,Durbyn,edurbynb1@washingtonpost.com,898-736-8478
399,Merola,Vaszoly,mvaszolyb2@360.cn,347-840-6003
400,Fairleigh,Mellmoth,fmellmothb3@hatena.ne.jp,301-746-5288
401,Glen,Stokell,gstokellb4@weebly.com,625-517-2572
402,Axel,Peeke-Vout,apeekevoutb5@biblegateway.com,595-115-6961
403,Gerik,Rowsel,growselb6@reddit.com,526-714-4803
404,Tulley,Llewellyn,tllewellynb7@liveinternet.ru,617-558-9356
405,Norina,Ewing,newingb8@nhs.uk,351-904-3484
406,Quentin,Pynner,qpynnerb9@cbc.ca,659-804-2365
407,Leonardo,Raithby,lraithbyba@skype.com,421-319-8824
408,Lotta,Branney,lbranneybb@yellowbook.com,763-892-6495
409,Ebenezer,Sarson,esarsonbc@networkadvertising.org,117-809-4405
410,Constantine,Danilov,cdanilovbd@feedburner.com,491-992-8112
411,Carce,Castiblanco,ccastiblancobe@woothemes.com,536-800-9707
412,Aime,Truce,atrucebf@intel.com,260-981-9288
413,Jenni,Polotti,jpolottibg@bluehost.com,757-818-8778
414,Derry,Enterlein,denterleinbh@constantcontact.com,134-438-0396
415,Maxie,Hamber,mhamberbi@lycos.com,924-725-5649
416,Fritz,Iveson,fivesonbj@jalbum.net,329-385-2276
417,Orelia,O'Doherty,oodohertybk@admin.ch,402-869-9222
418,Rafaellle,Wornham,rwornhambl@paginegialle.it,176-738-6720
419,Hobard,Geeritz,hgeeritzbm@google.ca,278-661-1991
420,Glenden,Gartenfeld,ggartenfeldbn@addtoany.com,166-743-7097
421,Karole,Cicculi,kcicculibo@stumbleupon.com,701-638-7700
422,Kissiah,Goncalo,kgoncalobp@nationalgeographic.com,411-591-5997
423,Ernaline,Gallgher,egallgherbq@51.la,569-742-3675
424,Kettie,Tonn,ktonnbr@microsoft.com,671-958-4813
425,Effie,Philcock,ephilcockbs@chicagotribune.com,365-545-4496
426,Garvin,Dewfall,gdewfallbt@mac.com,493-499-6313
427,Patricia,Skym,pskymbu@umn.edu,288-819-5010
428,Reilly,Storton,rstortonbv@sakura.ne.jp,599-261-9722
429,Susette,Pattillo,spattillobw@ning.com,405-619-6066
430,Ginni,Youd,gyoudbx@g.co,101-362-9741
431,Vachel,Hebson,vhebsonby@archive.org,717-156-6168
432,Abelard,Showering,ashoweringbz@nps.gov,340-653-3288
433,Clemmy,Pudan,cpudanc0@umich.edu,772-924-3565
434,Elladine,Liell,eliellc1@webeden.co.uk,528-358-4804
435,Roderic,Hatwell,rhatwellc2@about.me,451-921-3581
436,Rosy,Carreck,rcarreckc3@amazon.co.uk,362-666-2485
437,Karylin,Aire,kairec4@imgur.com,834-108-9951
438,Stoddard,While,swhilec5@home.pl,282-814-5669
439,Donna,Simmgen,dsimmgenc6@bbb.org,403-714-9769
440,Zerk,Olivella,zolivellac7@theatlantic.com,127-616-8039
441,Grace,Graveney,ggraveneyc8@bandcamp.com,519-839-1576
442,Sadye,Kellet,skelletc9@pcworld.com,215-149-0158
443,Westleigh,Venney,wvenneyca@ycombinator.com,601-620-9459
444,Laurella,Capell,lcapellcb@google.com.br,486-737-8601
445,Luelle,Sinney,lsinneycc@cmu.edu,457-319-5813
446,Tresa,Tunaclift,ttunacliftcd@harvard.edu,132-796-7937
447,Odelinda,Dore,odorece@dropbox.com,780-777-1391
448,Sterling,Natalie,snataliecf@purevolume.com,446-341-2526
449,Raff,Davidy,rdavidycg@mysql.com,560-890-7697
450,Beckie,Sikora,bsikorach@wikimedia.org,598-259-8844
451,Davie,Brandenburg,dbrandenburgci@google.pl,605-384-5867
452,Stavros,Eldershaw,seldershawcj@feedburner.com,521-466-9059
453,Blair,Tutin,btutinck@wikimedia.org,674-364-3225
454,Chrystel,Musk,cmuskcl@exblog.jp,542-816-2961
455,Barbara,Kalb,bkalbcm@statcounter.com,353-995-9598
456,Buffy,Harbidge,bharbidgecn@yelp.com,529-887-7985
457,Sherye,Lindemann,slindemannco@artisteer.com,301-686-4052
458,Ariel,Jardein,ajardeincp@shop-pro.jp,135-687-1030
459,Nels,Ledamun,nledamuncq@arizona.edu,105-292-6810
460,Gweneth,Walby,gwalbycr@auda.org.au,825-315-5954
461,Rorie,Brewett,rbrewettcs@unicef.org,559-408-9924
462,Tracie,Jambrozek,tjambrozekct@last.fm,747-186-3965
463,Margarete,Hammor,mhammorcu@clickbank.net,568-125-7196
464,Jourdain,Pearch,jpearchcv@addtoany.com,568-398-2327
465,Meier,Wolfart,mwolfartcw@naver.com,996-170-1066
466,Harley,Freshwater,hfreshwatercx@soundcloud.com,365-205-9623
467,Odele,Taberner,otabernercy@digg.com,594-917-1168
468,Daune,Kleinfeld,dkleinfeldcz@hubpages.com,238-917-8262
469,Evelina,Yerlett,eyerlettd0@gov.uk,442-112-5584
470,Ulick,Zamora,uzamorad1@phoca.cz,709-710-5879
471,Candide,MacCarter,cmaccarterd2@java.com,728-873-3175
472,Liva,Cherrison,lcherrisond3@live.com,827-544-0899
473,Karlyn,Fairfoot,kfairfootd4@topsy.com,773-383-9967
474,Demetris,Bischoff,dbischoffd5@narod.ru,150-201-0683
475,Worth,Circuitt,wcircuittd6@princeton.edu,527-439-9572
476,Melesa,Dombrell,mdombrelld7@seesaa.net,208-531-3549
477,Corilla,Langford,clangfordd8@ebay.co.uk,201-905-1483
478,Lori,Spiby,lspibyd9@cmu.edu,457-848-4221
479,Lowell,Tunkin,ltunkinda@sciencedaily.com,677-291-8514
480,Ulrich,Shutler,ushutlerdb@altervista.org,848-654-1215
481,Neron,Duesberry,nduesberrydc@ameblo.jp,332-323-1462
482,Georgine,Rodie,grodiedd@pbs.org,797-608-4851
483,Robinson,Caslake,rcaslakede@booking.com,651-654-8743
484,Amye,Pugsley,apugsleydf@360.cn,119-344-3036
485,Melissa,Joincey,mjoinceydg@npr.org,623-472-1035
486,Myrwyn,Gantley,mgantleydh@washington.edu,360-937-8287
487,Kata,Pavlenko,kpavlenkodi@1688.com,226-914-0410
488,Marleen,Kingswood,mkingswooddj@creativecommons.org,803-785-1479
489,Kameko,Cresser,kcresserdk@blogtalkradio.com,770-760-8628
490,Licha,Lewsie,llewsiedl@kickstarter.com,282-812-0404
491,Sibella,Stanes,sstanesdm@google.ca,945-631-4854
492,Lesly,Reye,lreyedn@macromedia.com,136-676-3412
493,Emmalee,Nodin,enodindo@theglobeandmail.com,704-941-4959
494,Annora,Thickin,athickindp@booking.com,163-534-5583
495,Andres,Beauchamp,abeauchampdq@hibu.com,673-296-5778
496,Carmita,Standell,cstandelldr@foxnews.com,475-157-7012
497,Jessika,Odhams,jodhamsds@ezinearticles.com,673-423-9335
498,Nickola,Michiel,nmichieldt@freewebs.com,705-523-6476
499,Hilary,Hansom,hhansomdu@psu.edu,381-880-3138
500,Arly,Scherme,aschermedv@amazon.de,972-217-1563
501,Nevil,Esbrook,nesbrookdw@delicious.com,508-504-9722
502,Freda,Vegas,fvegasdx@yolasite.com,698-826-7845
503,Lissi,Wilsher,lwilsherdy@opera.com,572-535-0925
504,Lilli,Kehri,lkehridz@biblegateway.com,399-879-2639
505,Beniamino,Roskelly,broskellye0@who.int,886-916-5407
506,Cazzie,Manifield,cmanifielde1@gmpg.org,422-957-3895
507,Anett,Drust,adruste2@domainmarket.com,656-983-8693
508,Mattie,Buntine,mbuntinee3@domainmarket.com,476-479-8207
509,Nicole,Lodin,nlodine4@tripod.com,359-225-6148
510,Towny,Sidworth,tsidworthe5@constantcontact.com,155-993-4033
511,Virge,Faust,vfauste6@ed.gov,559-431-1837
512,Evangelia,Hudghton,ehudghtone7@home.pl,252-463-3927
513,Octavius,Poltun,opoltune8@google.ca,339-211-2175
514,Laney,Loffel,lloffele9@photobucket.com,324-183-3068
515,Danya,Chaffin,dchaffinea@slate.com,644-432-9928
516,Jillene,Melhuish,jmelhuisheb@usda.gov,320-364-8694
517,Gordy,Glabach,gglabachec@ucsd.edu,475-927-9389
518,Allister,Corston,acorstoned@slideshare.net,454-989-8757
519,Luther,Sabathe,lsabatheee@abc.net.au,860-860-1834
520,Rollin,Paulin,rpaulinef@tmall.com,297-856-1038
521,Jori,Curedell,jcuredelleg@globo.com,803-391-9571
522,Christie,Feasey,cfeaseyeh@answers.com,791-826-5850
523,Menard,Braidman,mbraidmanei@nymag.com,145-223-9654
524,Monroe,Ibell,mibellej@spotify.com,819-264-7449
525,Erin,Rummer,erummerek@ehow.com,770-519-5193
526,Saxon,Human,shumanel@studiopress.com,780-244-2209
527,Alix,Barus,abarusem@nih.gov,442-733-3757
528,Matthieu,Mees,mmeesen@businessweek.com,188-204-8595
529,Gussie,Sutherns,gsuthernseo@hostgator.com,158-723-2532
530,Nicolea,Bagby,nbagbyep@youku.com,182-656-8877
531,Cissiee,McGown,cmcgowneq@tuttocitta.it,892-831-4503
532,Derk,Plet,dpleter@reddit.com,746-306-3356
533,Virgilio,Brackpool,vbrackpooles@nhs.uk,274-952-8590
534,Pen,Hatch,phatchet@1688.com,496-534-9982
535,Fara,Strute,fstruteeu@rakuten.co.jp,675-976-5663
536,Celinda,Greenin,cgreeninev@mit.edu,326-992-7546
537,Clotilda,St Ange,cstangeew@devhub.com,246-762-1628
538,Shellysheldon,Ketchen,sketchenex@edublogs.org,127-787-4553
539,Boy,McSorley,bmcsorleyey@chronoengine.com,126-891-2311
540,Nicole,Doerling,ndoerlingez@timesonline.co.uk,121-877-3484
541,Roselle,Heinsius,rheinsiusf0@msu.edu,857-282-8418
542,Elora,Gritsunov,egritsunovf1@nba.com,630-416-2860
543,Glynn,Longina,glonginaf2@odnoklassniki.ru,374-481-4198
544,Jenelle,Wabe,jwabef3@paginegialle.it,351-223-2521
545,Florentia,Ellph,fellphf4@booking.com,514-702-0629
546,Salli,Dinsmore,sdinsmoref5@edublogs.org,912-210-9176
547,Mae,Rielly,mriellyf6@samsung.com,742-777-8834
548,Reese,Burhouse,rburhousef7@imageshack.us,560-721-4341
549,Astrid,McCrone,amccronef8@ycombinator.com,831-406-4856
550,Austine,Hibling,ahiblingf9@seesaa.net,213-965-8519
551,Waldemar,Meneo,wmeneofa@chicagotribune.com,808-361-2212
552,Kelley,Brind,kbrindfb@uiuc.edu,527-790-4583
553,Leena,McIlenna,lmcilennafc@cmu.edu,294-532-1357
554,Aida,Grayston,agraystonfd@utexas.edu,676-994-2281
555,Nicolis,Oselton,noseltonfe@123-reg.co.uk,671-493-3049
556,Kameko,Van Der Vlies,kvandervliesff@google.de,636-530-4281
557,Dora,Simione,dsimionefg@purevolume.com,900-817-4535
558,Ketty,Haack,khaackfh@deliciousdays.com,979-356-4473
559,Selma,Bradock,sbradockfi@aboutads.info,102-640-4682
560,Beckie,Edelston,bedelstonfj@nature.com,725-612-2357
561,Filberte,Aisman,faismanfk@mapy.cz,659-470-7913
562,Sephira,McComiskey,smccomiskeyfl@nih.gov,627-421-3582
563,Winna,Abry,wabryfm@networksolutions.com,750-486-7430
564,Adriane,Hedgeman,ahedgemanfn@skyrock.com,269-217-3842
565,Selinda,Castel,scastelfo@senate.gov,350-988-0769
566,Norri,Zucker,nzuckerfp@nytimes.com,284-969-1842
567,Ashley,Donaghy,adonaghyfq@digg.com,774-280-7203
568,Sharla,Cornish,scornishfr@hostgator.com,423-904-4708
569,Hedwig,Plues,hpluesfs@google.fr,608-398-3630
570,Rayna,Stevani,rstevanift@amazon.co.jp,903-568-9833
571,Filberte,Gascoyen,fgascoyenfu@engadget.com,795-176-2034
572,Kordula,Manntschke,kmanntschkefv@vkontakte.ru,995-119-5924
573,Caril,Lydiatt,clydiattfw@ning.com,702-494-4246
574,Roi,Simonard,rsimonardfx@over-blog.com,669-251-9660
575,Constancia,Lippingwell,clippingwellfy@usnews.com,112-510-1177
576,Rayshell,Igounet,rigounetfz@pagesperso-orange.fr,103-218-0131
577,Mickie,Kerfod,mkerfodg0@twitter.com,534-591-9842
578,Lydon,Luckin,llucking1@amazon.com,724-385-4588
579,Lock,Sagar,lsagarg2@cisco.com,726-986-6785
580,Clary,Abreheart,cabreheartg3@cbslocal.com,610-408-6167
581,Olive,Brandi,obrandig4@furl.net,938-234-6402
582,Cissiee,McGloughlin,cmcgloughling5@ftc.gov,405-385-3608
583,Bertie,Midner,bmidnerg6@phpbb.com,336-267-1210
584,Fee,Brik,fbrikg7@engadget.com,444-874-8452
585,Randolph,Grebbin,rgrebbing8@berkeley.edu,723-429-6189
586,Weider,Whimp,wwhimpg9@marriott.com,748-687-7013
587,Barbee,Rowly,browlyga@umich.edu,162-135-7802
588,Marge,Izatt,mizattgb@alexa.com,655-322-8211
589,Justin,Offord,joffordgc@noaa.gov,277-841-6323
590,Lou,Tuerena,ltuerenagd@narod.ru,269-472-6208
591,Dolph,Newcom,dnewcomge@uol.com.br,786-364-7175
592,Christy,Kennady,ckennadygf@arizona.edu,112-634-4522
593,Langsdon,Saurin,lsauringg@phpbb.com,467-732-6563
594,Aubrey,Aurelius,aaureliusgh@hc360.com,407-215-4988
595,Thurston,Braunfeld,tbraunfeldgi@dropbox.com,808-800-5819
596,Alix,Tremble,atremblegj@blog.com,948-889-5467
597,Meade,Stillert,mstillertgk@apache.org,926-660-7755
598,Wilmette,Bazoge,wbazogegl@alexa.com,508-971-8374
599,Rubia,Hamm,rhammgm@msn.com,199-962-3835
600,Ailsun,Utley,autleygn@twitpic.com,948-324-7952
601,Nickolas,Pettendrich,npettendrichgo@cocolog-nifty.com,226-892-0552
602,Adolphe,Dehmel,adehmelgp@who.int,778-206-3246
603,Genevra,Wittleton,gwittletongq@symantec.com,319-726-1403
604,Colette,Limmer,climmergr@mit.edu,415-721-4556
605,Jerad,Molan,jmolangs@ycombinator.com,445-131-2874
606,Goldi,Yule,gyulegt@wikia.com,328-533-0757
607,Erny,Iglesias,eiglesiasgu@stumbleupon.com,935-350-5409
608,Hilde,Basketter,hbaskettergv@alibaba.com,429-950-4292
609,Cristie,Parkinson,cparkinsongw@ustream.tv,349-956-9135
610,Katusha,Uzzell,kuzzellgx@va.gov,284-450-0934
611,Amalle,Klimczak,aklimczakgy@cdbaby.com,501-167-6472
612,Maudie,Ondrusek,mondrusekgz@wordpress.com,690-297-9605
613,Hersh,Kloser,hkloserh0@epa.gov,944-764-2161
614,Darill,Upson,dupsonh1@mtv.com,248-745-3910
615,Marilin,Finley,mfinleyh2@youku.com,378-644-9136
616,Nat,Newlove,nnewloveh3@google.ca,409-989-6772
617,Josiah,McJerrow,jmcjerrowh4@1688.com,964-601-0261
618,Alvis,Culshew,aculshewh5@tiny.cc,154-713-1234
619,Fern,Mc Caghan,fmccaghanh6@liveinternet.ru,435-771-4470
620,Correy,Brooker,cbrookerh7@washington.edu,419-852-4011
621,Ive,Huthart,ihutharth8@livejournal.com,212-784-2260
622,Roth,Orrow,rorrowh9@so-net.ne.jp,984-162-9486
623,Mikol,Philcock,mphilcockha@wikipedia.org,143-247-8587
624,Codi,Tidswell,ctidswellhb@amazon.co.jp,464-942-4202
625,Theobald,Chawner,tchawnerhc@theatlantic.com,351-224-4125
626,Arlyn,Odlin,aodlinhd@wikispaces.com,309-157-1781
627,Simeon,Lello,slellohe@army.mil,279-518-2424
628,Iver,Heffer,ihefferhf@businessweek.com,728-206-7741
629,Noell,Tolworthie,ntolworthiehg@yelp.com,441-447-6742
630,Fairlie,Jorger,fjorgerhh@usatoday.com,349-727-2284
631,Hildagarde,Thorpe,hthorpehi@de.vu,648-681-3026
632,Charmion,Archambault,carchambaulthj@comsenz.com,732-363-6080
633,Ardys,Checcucci,acheccuccihk@blinklist.com,425-852-1175
634,Chad,Westell,cwestellhl@github.io,696-521-9316
635,Elsworth,Riggulsford,eriggulsfordhm@live.com,324-408-5003
636,Adan,Mullard,amullardhn@woothemes.com,176-520-1240
637,Merrielle,Fellini,mfelliniho@purevolume.com,266-344-5454
638,Jordan,Kildale,jkildalehp@yelp.com,909-637-6740
639,Corbie,Crowder,ccrowderhq@etsy.com,733-370-1012
640,Sybil,Hobbema,shobbemahr@columbia.edu,987-279-3653
641,Analiese,Jans,ajanshs@youku.com,882-918-0356
642,Rossie,Cianelli,rcianelliht@yellowbook.com,147-283-5868
643,Evvy,Moakson,emoaksonhu@craigslist.org,645-168-5051
644,Xever,Farncomb,xfarncombhv@g.co,290-245-2199
645,Fey,Jerrim,fjerrimhw@shareasale.com,157-759-1768
646,Jewel,Bogges,jboggeshx@gravatar.com,331-233-6905
647,Waylan,Palumbo,wpalumbohy@who.int,277-311-4735
648,Eustacia,Skuse,eskusehz@infoseek.co.jp,493-459-2069
649,Tiphany,Applebee,tapplebeei0@odnoklassniki.ru,303-804-6277
650,Delora,Saleway,dsalewayi1@discuz.net,179-386-5102
651,Michel,Le Marchant,mlemarchanti2@usa.gov,544-357-7087
652,Bartlett,Briatt,bbriatti3@t-online.de,827-592-1579
653,Keefer,Hawkridge,khawkridgei4@simplemachines.org,605-812-2458
654,Bev,Albrook,balbrooki5@hp.com,749-149-3415
655,Henka,Rubi,hrubii6@elpais.com,782-435-5030
656,Larisa,Pagel,lpageli7@cbsnews.com,451-559-4803
657,Nicolea,Densham,ndenshami8@webs.com,390-145-8211
658,Bail,Gasking,bgaskingi9@freewebs.com,514-522-1387
659,Brandy,Ashard,bashardia@time.com,899-255-7275
660,Barris,Jovis,bjovisib@symantec.com,674-439-7997
661,Wilmer,Andriesse,wandriesseic@linkedin.com,339-672-0618
662,Eunice,Jonson,ejonsonid@liveinternet.ru,709-248-0590
663,Cecelia,Pearde,cpeardeie@wsj.com,546-992-6543
664,Emelyne,Worster,eworsterif@macromedia.com,308-132-3943
665,Sophey,Hebburn,shebburnig@yelp.com,558-864-2858
666,Conroy,Brierton,cbriertonih@tiny.cc,749-159-9657
667,Bret,Warland,bwarlandii@macromedia.com,518-452-5599
668,Beau,Dunniom,bdunniomij@cornell.edu,347-489-4300
669,Etan,Madill,emadillik@163.com,227-171-9549
670,Cherilynn,Parlatt,cparlattil@google.com.hk,569-402-5782
671,Roanna,Crier,rcrierim@archive.org,686-192-2611
672,Emalia,Lowndsbrough,elowndsbroughin@plala.or.jp,314-530-0417
673,Malia,Hargate,mhargateio@foxnews.com,567-462-1104
674,Ari,Jaycock,ajaycockip@devhub.com,460-210-6645
675,Peyton,Ekins,pekinsiq@miitbeian.gov.cn,638-761-4632
676,Gallard,Leagas,gleagasir@noaa.gov,315-365-1173
677,Weidar,Pairpoint,wpairpointis@discovery.com,987-798-8071
678,Riki,Yellowlees,ryellowleesit@ustream.tv,887-234-0413
679,Hadria,Wensley,hwensleyiu@photobucket.com,418-599-3016
680,Chloette,Legerwood,clegerwoodiv@wordpress.com,856-459-4226
681,Leeann,Tramel,ltrameliw@nih.gov,758-301-8899
682,Rheba,Ickovici,rickoviciix@drupal.org,312-766-9498
683,Danya,Strasse,dstrasseiy@simplemachines.org,120-797-5344
684,Catherina,Tomkinson,ctomkinsoniz@xing.com,558-858-0708
685,Adriena,Gogay,agogayj0@google.com,295-683-4689
686,Felice,Wiggins,fwigginsj1@freewebs.com,968-943-3692
687,Jolyn,Oakenfield,joakenfieldj2@yandex.ru,259-629-6988
688,Giacinta,Le Hucquet,glehucquetj3@shop-pro.jp,458-101-8173
689,Benn,Shier,bshierj4@seesaa.net,173-883-3548
690,Georg,Nigh,gnighj5@nytimes.com,781-999-6786
691,Anabelle,Jeffress,ajeffressj6@ow.ly,250-928-8163
692,Annette,Ateridge,aateridgej7@cnn.com,896-638-6076
693,Eveline,Tooley,etooleyj8@google.de,692-318-8743
694,Margarita,Axell,maxellj9@friendfeed.com,445-596-7807
695,Dorotea,Springett,dspringettja@skyrock.com,745-712-8415
696,Jeno,Hutchason,jhutchasonjb@1688.com,851-425-4236
697,Berton,Been,bbeenjc@springer.com,100-965-3774
698,Brittney,Andor,bandorjd@disqus.com,219-650-6915
699,Josepha,Castello,jcastelloje@storify.com,885-246-4146
700,Ronda,Denisevich,rdenisevichjf@cam.ac.uk,236-945-3199
701,Pia,Trenam,ptrenamjg@usa.gov,640-944-1917
702,Pooh,Lapping,plappingjh@ow.ly,277-100-9037
703,Moselle,Frotton,mfrottonji@census.gov,833-918-4995
704,Wallie,Element,welementjj@163.com,217-351-9220
705,Dasya,Kacheller,dkachellerjk@list-manage.com,101-961-2728
706,Raphaela,McNair,rmcnairjl@sohu.com,683-982-0286
707,Ernie,Owens,eowensjm@surveymonkey.com,716-401-8284
708,Hilliary,Atcheson,hatchesonjn@sitemeter.com,578-528-5134
709,Carroll,Boeck,cboeckjo@acquirethisname.com,934-383-2597
710,Martie,Claisse,mclaissejp@bloglines.com,569-993-4955
711,Roderic,Delafoy,rdelafoyjq@rambler.ru,594-698-4558
712,Baudoin,Formilli,bformillijr@123-reg.co.uk,282-309-2071
713,Reine,Bonny,rbonnyjs@sogou.com,866-627-7354
714,Orville,Groneway,ogronewayjt@hibu.com,477-929-8762
715,Ximenez,Heinssen,xheinssenju@ovh.net,836-662-7818
716,Haily,Forward,hforwardjv@tinyurl.com,406-355-7719
717,Aksel,Cosans,acosansjw@kickstarter.com,266-764-1890
718,Caleb,Cashell,ccashelljx@icio.us,325-878-1632
719,Tammi,Jovey,tjoveyjy@geocities.jp,467-636-7535
720,Eugenie,McCafferky,emccafferkyjz@uol.com.br,700-736-3893
721,Celina,Gregoletti,cgregolettik0@360.cn,773-282-8333
722,Sigismund,Cathee,scatheek1@intel.com,912-745-1895
723,Cecilio,Casaroli,ccasarolik2@fc2.com,971-727-0871
724,Meier,Feehily,mfeehilyk3@weather.com,836-419-8358
725,Linnea,McNeill,lmcneillk4@flavors.me,150-195-6491
726,Sindee,McSharry,smcsharryk5@exblog.jp,873-718-9849
727,Jennica,Scroyton,jscroytonk6@blogspot.com,789-748-7645
728,Jacquelynn,Hymus,jhymusk7@aol.com,996-809-5137
729,Susette,Doret,sdoretk8@studiopress.com,731-921-5835
730,Meggy,Sendall,msendallk9@rakuten.co.jp,500-799-1046
731,Javier,De Giorgi,jdegiorgika@ox.ac.uk,304-162-5685
732,Jim,Cassey,jcasseykb@chronoengine.com,320-778-9091
733,Leonelle,Brigstock,lbrigstockkc@zimbio.com,392-279-6393
734,Ferrell,Gawke,fgawkekd@biblegateway.com,987-175-8977
735,Lizabeth,Hallin,lhallinke@taobao.com,724-375-6892
736,Pierson,Posselow,pposselowkf@google.es,644-584-2378
737,Warde,Barfoot,wbarfootkg@sogou.com,641-840-7548
738,Brianna,Carlone,bcarlonekh@desdev.cn,693-292-6357
739,Orella,Gaddas,ogaddaski@miitbeian.gov.cn,891-951-9066
740,Osmond,Ibbett,oibbettkj@mozilla.org,444-685-0360
741,Kingsly,Peddowe,kpeddowekk@nasa.gov,634-140-9095
742,Valida,Hatherall,vhatherallkl@yolasite.com,905-934-0723
743,Martyn,Mustoo,mmustookm@e-recht24.de,602-895-7130
744,Reynolds,Romans,rromanskn@weebly.com,927-933-4223
745,Ilsa,Crone,icroneko@liveinternet.ru,458-398-5231
746,Daren,Danniel,ddannielkp@unicef.org,583-955-7584
747,Hi,Pingston,hpingstonkq@eepurl.com,378-257-2069
748,Bill,Astell,bastellkr@theguardian.com,132-943-8466
749,Paola,Sidey,psideyks@huffingtonpost.com,643-411-3400
750,Mario,Biever,mbieverkt@dot.gov,597-470-2490
751,Hagen,Wincom,hwincomku@gnu.org,922-321-2288
752,Kurt,Middler,kmiddlerkv@eepurl.com,292-280-2597
753,Chaddie,Grigoli,cgrigolikw@slideshare.net,774-223-2449
754,Leah,Cogle,lcoglekx@jugem.jp,267-672-3609
755,Terrill,Dymott,tdymottky@booking.com,743-796-4497
756,Herc,Bouda,hboudakz@unc.edu,336-642-2768
757,Latia,Claypool,lclaypooll0@diigo.com,739-489-3292
758,Matthiew,Skingley,mskingleyl1@geocities.jp,119-682-4947
759,Lucien,Mayho,lmayhol2@e-recht24.de,462-770-0016
760,Raimundo,Munkley,rmunkleyl3@drupal.org,186-507-2073
761,Anna-maria,Westell,awestelll4@boston.com,965-811-2054
762,Sada,Ghent,sghentl5@blinklist.com,771-465-4529
763,Flin,Anwell,fanwelll6@bigcartel.com,706-163-4384
764,Natalee,Buzza,nbuzzal7@state.tx.us,383-869-8010
765,Valentina,Ruddiman,vruddimanl8@bloomberg.com,603-260-9909
766,Kory,Bortoluzzi,kbortoluzzil9@tripod.com,757-373-5903
767,Christabella,Hyndley,chyndleyla@goo.gl,239-298-7628
768,Ashbey,Roch,arochlb@yelp.com,231-628-9628
769,Raquel,Leacy,rleacylc@goodreads.com,563-675-2613
770,Tracie,Thripp,tthrippld@unicef.org,831-215-7797
771,Leila,Collington,lcollingtonle@kickstarter.com,654-889-6967
772,Lorne,Crosston,lcrosstonlf@163.com,952-305-0431
773,Dulsea,Tummons,dtummonslg@jigsy.com,317-502-3791
774,Allina,Relton,areltonlh@ocn.ne.jp,951-818-2350
775,Jenelle,Taw,jtawli@networksolutions.com,709-110-3162
776,Linoel,M'Quharge,lmquhargelj@intel.com,730-119-8436
777,Craggy,Dametti,cdamettilk@independent.co.uk,435-376-9730
778,Jabez,Butterley,jbutterleyll@yellowpages.com,182-416-8177
779,Ange,Estable,aestablelm@alibaba.com,927-152-6393
780,Sheilah,Grandin,sgrandinln@feedburner.com,534-469-3916
781,Raymond,Hulburt,rhulburtlo@canalblog.com,626-449-0601
782,Astra,Setterington,asetteringtonlp@themeforest.net,725-180-2193
783,Sacha,Ealam,sealamlq@de.vu,641-390-7472
784,Lutero,Haddleston,lhaddlestonlr@uol.com.br,889-196-8337
785,Clemence,O'Corren,cocorrenls@plala.or.jp,983-351-0018
786,Gareth,McGourty,gmcgourtylt@ucla.edu,706-451-6141
787,Clareta,Waymont,cwaymontlu@parallels.com,180-167-8097
788,Eba,Waugh,ewaughlv@t-online.de,876-951-4379
789,Renee,Enion,renionlw@ftc.gov,593-301-2107
790,Thibaud,McCaw,tmccawlx@tinypic.com,340-233-5167
791,Tabby,Kienzle,tkienzlely@github.com,325-473-0864
792,Elsinore,Lansdowne,elansdownelz@canalblog.com,255-898-8382
793,Cedric,Grut,cgrutm0@army.mil,947-783-7768
794,Corabelle,Vanyakin,cvanyakinm1@mail.ru,746-844-4496
795,Salvidor,Nutbrown,snutbrownm2@usda.gov,300-345-4536
796,Tull,Westmerland,twestmerlandm3@spotify.com,205-302-7501
797,Debra,Debenham,ddebenhamm4@bing.com,434-220-5245
798,Graeme,Coytes,gcoytesm5@state.gov,919-830-9529
799,Berkly,Espin,bespinm6@usatoday.com,775-141-3088
800,Terza,Leeman,tleemanm7@epa.gov,620-572-5114
801,Gwyneth,Zannetti,gzannettim8@accuweather.com,795-772-4141
802,Keith,Gammell,kgammellm9@ask.com,307-122-0532
803,Cortney,King,ckingma@jiathis.com,557-318-1606
804,Carlo,Van Dale,cvandalemb@cloudflare.com,460-889-9001
805,Row,Skellorne,rskellornemc@nps.gov,713-694-2603
806,Stephan,Kaemena,skaemenamd@dagondesign.com,718-858-9207
807,Minnie,Daspar,mdasparme@uol.com.br,588-301-5436
808,Lotte,Dennison,ldennisonmf@samsung.com,663-454-6236
809,Jon,Rennebeck,jrennebeckmg@tiny.cc,847-877-0948
810,Adams,Lenahan,alenahanmh@sun.com,892-656-7211
811,Angelina,Caddell,acaddellmi@skype.com,502-362-5580
812,Edee,Sainsbury-Brown,esainsburybrownmj@sogou.com,142-347-0645
813,Hewet,Mulvin,hmulvinmk@mayoclinic.com,113-367-1971
814,Kania,Lymer,klymerml@blogger.com,719-688-3752
815,Demetri,Ventom,dventommm@chronoengine.com,329-686-6079
816,Pat,Grushin,pgrushinmn@youtube.com,144-513-0573
817,Kermit,Hulson,khulsonmo@bing.com,753-674-0268
818,Hersh,Clawsley,hclawsleymp@cisco.com,692-831-0961
819,Deirdre,Jendas,djendasmq@themeforest.net,231-602-1512
820,Andrei,Ormrod,aormrodmr@ifeng.com,949-441-1814
821,Paule,Yurukhin,pyurukhinms@facebook.com,922-667-2758
822,Dolly,Frude,dfrudemt@typepad.com,356-628-2784
823,Anet,Lademann,alademannmu@foxnews.com,756-814-6862
824,Alice,Reimer,areimermv@github.com,941-162-6228
825,Ray,Everington,reveringtonmw@sogou.com,695-164-4259
826,Genovera,Bendare,gbendaremx@behance.net,568-285-7643
827,Quintina,Orwin,qorwinmy@over-blog.com,245-343-7631
828,Dot,McGraith,dmcgraithmz@discovery.com,337-908-1135
829,Inness,Andriss,iandrissn0@bloglovin.com,673-227-2759
830,Martica,Ladd,mladdn1@t.co,257-125-3609
831,Milicent,Gyorgy,mgyorgyn2@gmpg.org,853-651-3039
832,Vernice,Elder,veldern3@wsj.com,627-177-5365
833,Moises,Calan,mcalann4@weather.com,935-698-3933
834,Waldon,Berrington,wberringtonn5@aol.com,296-246-7540
835,Taryn,Boome,tboomen6@arizona.edu,787-661-3238
836,Kahlil,Bowra,kbowran7@craigslist.org,184-873-5436
837,Britni,Slyvester,bslyvestern8@yahoo.co.jp,162-743-2226
838,Irving,Ingman,iingmann9@gov.uk,738-516-1583
839,Patti,Varsey,pvarseyna@uol.com.br,517-920-4232
840,Angelico,Curle,acurlenb@51.la,478-991-6661
841,Nicole,Poure,npourenc@boston.com,772-616-9509
842,Seumas,Westpfel,swestpfelnd@slideshare.net,584-171-9228
843,Mela,Beretta,mberettane@hatena.ne.jp,961-796-0925
844,Clyde,Vakhlov,cvakhlovnf@java.com,774-286-8778
845,Yves,Donnachie,ydonnachieng@trellian.com,291-510-3752
846,Otes,Gresley,ogresleynh@dell.com,699-724-8164
847,Gratia,Speke,gspekeni@wix.com,395-854-1403
848,Paolina,Hillitt,phillittnj@npr.org,865-813-8594
849,Sabina,Ivashintsov,sivashintsovnk@engadget.com,804-965-9077
850,Ira,Beckworth,ibeckworthnl@salon.com,545-884-1388
851,Hoebart,MacCardle,hmaccardlenm@photobucket.com,299-944-7574
852,Sigismond,Reaper,sreapernn@pbs.org,221-466-0439
853,Letitia,Miroy,lmiroyno@imageshack.us,320-730-6581
854,Lyn,Eckersley,leckersleynp@biblegateway.com,906-503-5154
855,Jobyna,Kibblewhite,jkibblewhitenq@omniture.com,797-394-8116
856,Marylinda,Ruggiero,mruggieronr@google.de,417-591-4794
857,Amy,Scaice,ascaicens@fotki.com,215-669-0197
858,Jolynn,Pridie,jpridient@diigo.com,228-159-0235
859,Ulberto,Yakunikov,uyakunikovnu@vinaora.com,562-701-4678
860,Donielle,Wennington,dwenningtonnv@a8.net,305-107-6587
861,Ludovika,Primrose,lprimrosenw@forbes.com,932-441-4048
862,Sandy,Antczak,santczaknx@webs.com,340-150-9091
863,Clint,Benedicte,cbenedicteny@hp.com,844-450-5726
864,Fairleigh,Tomadoni,ftomadoninz@latimes.com,218-503-3397
865,Benedict,Lanahan,blanahano0@google.com.au,618-300-0983
866,Britt,McFie,bmcfieo1@china.com.cn,186-758-4369
867,Berty,Ohanessian,bohanessiano2@rambler.ru,254-726-9618
868,Hazel,Southernwood,hsouthernwoodo3@pbs.org,253-231-0504
869,Judas,Derks,jderkso4@rediff.com,611-183-5982
870,Nance,Berk,nberko5@merriam-webster.com,920-567-6296
871,Andie,Dando,adandoo6@archive.org,536-920-6699
872,Mitchel,Dancer,mdancero7@meetup.com,262-332-4417
873,Rooney,Goldthorp,rgoldthorpo8@statcounter.com,221-390-5220
874,Amble,Kirwood,akirwoodo9@sogou.com,689-858-1155
875,Dehlia,Presdee,dpresdeeoa@sphinn.com,519-497-6725
876,Di,Ludee,dludeeob@nasa.gov,324-663-0163
877,Alistair,Tommeo,atommeooc@latimes.com,234-920-2654
878,Evin,Plan,eplanod@people.com.cn,858-706-9666
879,Vinni,Gyde,vgydeoe@paypal.com,266-191-7342
880,Yorke,Haynesford,yhaynesfordof@biglobe.ne.jp,297-889-6075
881,Maggi,Weatherby,mweatherbyog@examiner.com,188-147-0696
882,Stanislaus,O'Shevlan,soshevlanoh@go.com,214-554-2007
883,Ransom,Bruckman,rbruckmanoi@xrea.com,402-442-6272
884,Gladys,Pappi,gpappioj@mashable.com,464-977-7027
885,Laurel,Hucker,lhuckerok@princeton.edu,947-664-6162
886,Kippy,Houchen,khouchenol@godaddy.com,452-824-8200
887,Serena,Skarman,sskarmanom@usnews.com,728-649-4020
888,Flo,Stoyell,fstoyellon@photobucket.com,199-617-3584
889,Shoshanna,Kelk,skelkoo@unblog.fr,343-500-0703
890,Magdalen,de Castelain,mdecastelainop@scientificamerican.com,951-632-4291
891,Morey,Aspell,maspelloq@free.fr,251-126-6771
892,Ole,Purdey,opurdeyor@bigcartel.com,695-288-3818
893,Agosto,Teare,ateareos@europa.eu,310-333-4786
894,Jarrett,Bumfrey,jbumfreyot@cpanel.net,489-990-1754
895,Ninon,Hale,nhaleou@tinypic.com,666-586-4384
896,Lurette,Tidbury,ltidburyov@tinypic.com,861-626-1686
897,Elsworth,Bonnet,ebonnetow@cnet.com,788-728-6449
898,Vera,Najera,vnajeraox@gov.uk,429-758-3809
899,Zebulon,Staniford,zstanifordoy@fastcompany.com,361-164-5929
900,Ricky,Newiss,rnewissoz@fastcompany.com,253-349-1879
901,Valene,Griston,vgristonp0@clickbank.net,655-971-9251
902,Winni,Seabrook,wseabrookp1@europa.eu,343-680-6161
903,Norbie,de Clerq,ndeclerqp2@rambler.ru,591-844-0133
904,Padgett,Fullman,pfullmanp3@engadget.com,632-997-7989
905,Shaun,Bovingdon,sbovingdonp4@deviantart.com,323-720-4735
906,Carolyne,Galero,cgalerop5@yelp.com,537-571-8341
907,Emlen,Rove,erovep6@buzzfeed.com,792-792-1955
908,Allyce,Shuttleworth,ashuttleworthp7@t.co,236-722-6378
909,Cirillo,Mouser,cmouserp8@sohu.com,343-570-3936
910,Maddy,Prest,mprestp9@angelfire.com,959-778-3157
911,Burnard,Gainforth,bgainforthpa@jugem.jp,289-365-1920
912,Laney,Ovitts,lovittspb@si.edu,353-505-2929
913,Ileane,Magill,imagillpc@ow.ly,889-920-9518
914,Cyril,Messam,cmessampd@rediff.com,953-109-7416
915,Wynnie,Mate,wmatepe@chicagotribune.com,110-127-1722
916,Kayne,O' Loughran,koloughranpf@miibeian.gov.cn,707-844-4482
917,Marmaduke,Furnival,mfurnivalpg@gizmodo.com,159-142-9221
918,Rorke,Ludlom,rludlomph@ebay.co.uk,150-945-0945
919,Willie,Caen,wcaenpi@vinaora.com,975-417-9899
920,Nigel,Jaan,njaanpj@google.ru,159-352-9777
921,Karia,Ibbotson,kibbotsonpk@scientificamerican.com,787-960-0845
922,Sancho,Gyppes,sgyppespl@cafepress.com,328-840-0851
923,Judy,Uccelli,juccellipm@imageshack.us,229-859-8401
924,Lian,Sigars,lsigarspn@linkedin.com,567-376-1334
925,Shauna,Downie,sdowniepo@purevolume.com,752-132-5469
926,Ivett,Mariault,imariaultpp@mozilla.com,558-158-8291
927,Lena,Frankish,lfrankishpq@boston.com,825-939-8632
928,Margaretha,Vinas,mvinaspr@paginegialle.it,337-297-4580
929,Noby,Klugman,nklugmanps@123-reg.co.uk,702-215-4738
930,Dotty,Scourgie,dscourgiept@weibo.com,429-480-5271
931,Frederik,Swalteridge,fswalteridgepu@ihg.com,377-714-3881
932,Maxie,Cadalleder,mcadallederpv@newsvine.com,468-674-7554
933,Mayne,Splevin,msplevinpw@drupal.org,702-878-4796
934,Larisa,Retchless,lretchlesspx@canalblog.com,689-176-8185
935,Rolf,Sarfass,rsarfasspy@marketwatch.com,679-797-3433
936,Brandtr,Musgrove,bmusgrovepz@discuz.net,586-374-2833
937,Erroll,Rosina,erosinaq0@51.la,240-912-3067
938,Kerry,Sollime,ksollimeq1@msn.com,837-649-8092
939,Elisa,Pitt,epittq2@toplist.cz,992-153-7315
940,Jarvis,Treves,jtrevesq3@nydailynews.com,475-342-3272
941,Kellby,Clissold,kclissoldq4@spotify.com,251-870-6981
942,Alden,Glavis,aglavisq5@feedburner.com,877-488-6285
943,Eileen,Ledbury,eledburyq6@bravesites.com,452-821-5622
944,Tracy,Youde,tyoudeq7@aboutads.info,861-639-6348
945,Reena,Swatradge,rswatradgeq8@reference.com,748-940-0580
946,Rustie,Eaden,readenq9@newsvine.com,436-652-5689
947,Zelda,Dorr,zdorrqa@exblog.jp,827-361-1523
948,Winn,Sacaze,wsacazeqb@creativecommons.org,440-540-9115
949,Engelbert,Massenhove,emassenhoveqc@netvibes.com,504-977-8880
950,Belva,Trembley,btrembleyqd@google.es,896-371-3567
951,Carlin,Tue,ctueqe@fema.gov,460-817-2350
952,Persis,Ciccone,pcicconeqf@netlog.com,621-891-8768
953,Zane,Scroyton,zscroytonqg@last.fm,393-556-8437
954,Stefan,Blue,sblueqh@youtu.be,720-520-6996
955,Noby,Butters,nbuttersqi@usda.gov,228-326-9391
956,Donny,Lello,dlelloqj@cnet.com,853-609-4914
957,Giorgi,Luby,glubyqk@bing.com,757-530-8742
958,Ingemar,Bottrill,ibottrillql@ow.ly,692-872-0512
959,Merrilee,Baird,mbairdqm@techcrunch.com,312-942-2847
960,Corenda,Plimmer,cplimmerqn@stanford.edu,582-496-3879
961,Laurella,Hazle,lhazleqo@diigo.com,649-724-1752
962,Jobina,McNysche,jmcnyscheqp@tumblr.com,820-735-9097
963,Gisella,Bettaney,gbettaneyqq@studiopress.com,427-608-0989
964,Pearle,Allder,pallderqr@gravatar.com,878-580-5791
965,Chiquia,Thomazin,cthomazinqs@cornell.edu,393-877-9719
966,Kelcey,Smedmore,ksmedmoreqt@bing.com,560-150-5433
967,Robinet,Bengall,rbengallqu@ft.com,805-892-7402
968,Rurik,Wilks,rwilksqv@livejournal.com,713-222-7932
969,Shaun,Ziebart,sziebartqw@ox.ac.uk,881-943-8828
970,Kitti,John,kjohnqx@weebly.com,581-323-0907
971,Agnesse,Phalp,aphalpqy@answers.com,128-223-4987
972,Cthrine,Brandham,cbrandhamqz@cmu.edu,393-893-3269
973,Bartolemo,Maylott,bmaylottr0@dailymail.co.uk,424-716-2765
974,Reinald,Norley,rnorleyr1@wordpress.com,743-146-6736
975,Wells,Blue,wbluer2@is.gd,979-961-5764
976,Raffarty,Benard,rbenardr3@wiley.com,289-180-3620
977,Tiena,Le Ball,tleballr4@stumbleupon.com,261-509-2127
978,Kaleb,Temple,ktempler5@blogspot.com,567-859-0829
979,Riley,MacAdam,rmacadamr6@cnn.com,922-478-0277
980,Emanuel,Legges,eleggesr7@aboutads.info,329-134-6917
981,Hyacinthia,Curror,hcurrorr8@virginia.edu,372-338-6177
982,Rozelle,Cawsey,rcawseyr9@umn.edu,365-507-6748
983,Ewan,Moller,emollerra@msu.edu,784-298-7903
984,Juliet,Aslie,jaslierb@usa.gov,850-290-2526
985,Harry,Beveredge,hbeveredgerc@gravatar.com,205-409-2111
986,Quincy,Prickett,qprickettrd@cam.ac.uk,485-798-8412
987,Maryjo,Hakking,mhakkingre@tuttocitta.it,754-569-6188
988,Arie,Sabin,asabinrf@fc2.com,791-964-2726
989,Eliza,Florentine,eflorentinerg@ucoz.com,536-325-2357
990,Al,Hurcombe,ahurcomberh@geocities.com,411-673-9818
991,Chan,Lilie,clilieri@sitemeter.com,320-825-0297
992,Rosalinda,Davys,rdavysrj@comsenz.com,505-913-9335
993,Wilow,Le Surf,wlesurfrk@github.io,881-117-4973
994,Giulia,Crossby,gcrossbyrl@bloglovin.com,643-423-1549
995,Janek,Scutts,jscuttsrm@smugmug.com,399-588-1975
996,Alane,Scneider,ascneiderrn@blogspot.com,289-650-1760
997,Darice,Leupold,dleupoldro@tmall.com,765-789-2618
998,Mallissa,Sleit,msleitrp@hud.gov,206-734-5159
999,Wanids,Bauldry,wbauldryrq@craigslist.org,899-588-4499
1000,Annette,Wehnerr,awehnerrrr@tmall.com,893-457-4058
